{"cameraMode":{"drawMode":0,"name":"Shaded","section":"Shading Mode"},"sceneLighting":false,"audioPlay":false,"sceneViewState":{"showFog":true,"showMaterialUpdate":false,"showSkybox":false,"showFlares":true,"showImageEffects":true,"showParticleSystems":true},"in2DMode":false,"pivot":{"x":22.219999313354493,"y":0.8899999856948853,"z":22.06999969482422},"rotation":{"x":0.4411068558692932,"y":0.014806852675974369,"z":-0.007278917357325554,"w":0.8973035216331482},"size":3.5517096519470217,"orthographic":false}