{"cameraMode":{"drawMode":0,"name":"Shaded","section":"Shading Mode"},"sceneLighting":false,"audioPlay":false,"sceneViewState":{"showFog":true,"showMaterialUpdate":false,"showSkybox":false,"showFlares":true,"showImageEffects":true,"showParticleSystems":true},"in2DMode":false,"pivot":{"x":23.229629516601564,"y":67.3133544921875,"z":-1.903761863708496},"rotation":{"x":0.5874216556549072,"y":-0.007283279672265053,"z":0.0052869501523673538,"w":0.8092317581176758},"size":4.867518424987793,"orthographic":false}