{"cameraMode":{"drawMode":0,"name":"Shaded","section":"Shading Mode"},"sceneLighting":false,"audioPlay":false,"sceneViewState":{"showFog":true,"showMaterialUpdate":false,"showSkybox":false,"showFlares":true,"showImageEffects":true,"showParticleSystems":true},"in2DMode":false,"pivot":{"x":22.219999313354493,"y":0.8899999856948853,"z":22.06999969482422},"rotation":{"x":-0.7275696992874146,"y":-0.0057644289918243889,"z":0.006113751791417599,"w":-0.685983419418335},"size":34.44400405883789,"orthographic":false}