{"cameraMode":{"drawMode":0,"name":"Shaded","section":"Shading Mode"},"sceneLighting":false,"audioPlay":false,"sceneViewState":{"showFog":true,"showMaterialUpdate":false,"showSkybox":false,"showFlares":true,"showImageEffects":true,"showParticleSystems":true},"in2DMode":false,"pivot":{"x":22.219999313354493,"y":0.8899999856948853,"z":22.06999969482422},"rotation":{"x":0.5340036749839783,"y":0.012681064195930958,"z":-0.00801073107868433,"w":0.8453522324562073},"size":3.157883644104004,"orthographic":false}